{
    "Combined (δ41)": {
        "differencesquares": 8.0,
        "generation_time": 0.07183836460113525,
        "incorrectvalues": [1.0, 1.0, 1.0, 1.0, -1.0, -1.0, -1.0, 1.0],
        "model": {
            "equation": "6.35*10^{+01} cos(1.8857712259245093*10^{-02}x) + 8.25*10^{+01} + 2.033258247952107*10^{-01}x^{0} + -1.773144941086433*10^{-01}x^{1} + 4.904699369716373*10^{-02}x^{2} + -2.699199437254148*10^{-03}x^{3} + 6.251156013110633*10^{-05}x^{4} + -2.542610714728131*10^{-07}x^{5} + -2.1928192122413395*10^{-08}x^{6} + 6.192608219883493*10^{-10}x^{7} + -8.51832746852189*10^{-12}x^{8} + 6.970146098568127*10^{-14}x^{9} + -3.340989844430824*10^{-16}x^{10} + 7.200168318090509*10^{-19}x^{11} + 8.26646749478173*10^{-22}x^{12} + -6.25167535034989*10^{-24}x^{13} + -3.813690467968943*10^{-27}x^{14} + 4.436425598204066*10^{-29}x^{15} + 6.512860758936896*10^{-32}x^{16} + -2.402965257130321*10^{-34}x^{17} + -8.700309110780928*10^{-37}x^{18} + 6.975427459940985*10^{-41}x^{19} + 6.539945033905359*10^{-42}x^{20} + 1.524470426746904*10^{-44}x^{21} + -8.79505265082533*10^{-48}x^{22} + -1.3708432137646852*10^{-49}x^{23} + -3.282574990018774*10^{-52}x^{24} + 4.579732751724572*10^{-56}x^{25} + 2.601550557454745*10^{-57}x^{26} + 7.812359781372871*10^{-60}x^{27} + 5.201035507439735*10^{-63}x^{28} + -4.274952818616394*10^{-65}x^{29} + -1.7846360166180303*10^{-67}x^{30} + -2.478886803078517*10^{-70}x^{31} + 5.941111368401464*10^{-73}x^{32} + 3.837683845781027*10^{-75}x^{33} + 7.11602847539896*10^{-78}x^{34} + -1.0055960644796833*10^{-80}x^{35} + -8.697593057104572*10^{-83}x^{36} + -1.314143396023801*10^{-85}x^{37} + 5.047082786666193*10^{-88}x^{38} + 1.888325709850507*10^{-90}x^{39} + -6.019278026327943*10^{-93}x^{40} + 4.378808338057601*10^{-96}x^{41}",
            "model": "<function gen_combined_model.<locals>.model at 0x119a6e7a0>"
        },
        "prediction_time": 0.0001613110899925232
    },
    "Cos": {
        "differencesquares": 35543.0,
        "generation_time": 0.023395235538482665,
        "incorrectvalues": [-1.0, -1.0, -1.0, -1.0, -1.0, -2.0, -2.0, -2.0, -3.0, -2.0, -2.0, -3.0, -3.0, -2.0, -3.0, -2.0, -3.0, -3.0, -3.0, -3.0, -3.0, -2.0, -3.0, -2.0, -3.0, -3.0, -2.0, -2.0, -3.0, -2.0, -2.0, -2.0, -2.0, -2.0, -2.0, -2.0, -1.0, -1.0, -1.0, -1.0, -1.0, -1.0, 1.0, 1.0, 1.0, 1.0, 1.0, 1.0, 2.0, 2.0, 2.0, 2.0, 3.0, 3.0, 3.0, 3.0, 4.0, 4.0, 4.0, 3.0, 4.0, 4.0, 4.0, 4.0, 5.0, 5.0, 5.0, 6.0, 5.0, 5.0, 5.0, 6.0, 6.0, 6.0, 6.0, 7.0, 6.0, 6.0, 6.0, 7.0, 7.0, 7.0, 7.0, 8.0, 8.0, 7.0, 7.0, 7.0, 7.0, 8.0, 8.0, 8.0, 8.0, 8.0, 8.0, 8.0, 8.0, 8.0, 8.0, 9.0, 9.0, 9.0, 8.0, 8.0, 8.0, 8.0, 8.0, 8.0, 8.0, 8.0, 8.0, 8.0, 8.0, 8.0, 8.0, 8.0, 7.0, 8.0, 8.0, 7.0, 7.0, 8.0, 7.0, 7.0, 7.0, 7.0, 6.0, 7.0, 6.0, 5.0, 6.0, 5.0, 6.0, 5.0, 5.0, 4.0, 5.0, 4.0, 4.0, 3.0, 3.0, 4.0, 3.0, 3.0, 3.0, 2.0, 2.0, 2.0, 1.0, 1.0, 1.0, -1.0, -1.0, -1.0, -1.0, -2.0, -2.0, -2.0, -2.0, -3.0, -3.0, -3.0, -4.0, -4.0, -5.0, -5.0, -4.0, -5.0, -5.0, -6.0, -6.0, -6.0, -6.0, -7.0, -6.0, -7.0, -7.0, -7.0, -8.0, -8.0, -8.0, -8.0, -8.0, -8.0, -8.0, -9.0, -8.0, -9.0, -9.0, -9.0, -9.0, -8.0, -9.0, -9.0, -8.0, -9.0, -9.0, -8.0, -9.0, -9.0, -8.0, -8.0, -8.0, -8.0, -8.0, -7.0, -7.0, -7.0, -7.0, -7.0, -6.0, -6.0, -6.0, -5.0, -5.0, -5.0, -4.0, -4.0, -3.0, -3.0, -3.0, -2.0, -2.0, -2.0, -1.0, -1.0, 1.0, 1.0, 2.0, 2.0, 2.0, 4.0, 4.0, 5.0, 5.0, 5.0, 6.0, 6.0, 7.0, 7.0, 8.0, 9.0, 9.0, 10.0, 10.0, 10.0, 11.0, 11.0, 13.0, 13.0, 13.0, 14.0, 14.0, 14.0, 15.0, 15.0, 15.0, 17.0, 17.0, 17.0, 18.0, 18.0, 18.0, 19.0, 19.0, 19.0, 19.0, 20.0, 20.0, 20.0, 21.0, 21.0, 21.0, 21.0, 21.0, 22.0, 22.0, 22.0, 22.0, 22.0, 23.0, 23.0, 23.0, 22.0, 22.0, 22.0, 23.0, 23.0, 23.0, 22.0, 22.0, 22.0, 22.0, 22.0, 22.0, 22.0, 21.0, 21.0, 21.0, 20.0, 20.0, 20.0, 19.0, 20.0, 19.0, 19.0, 18.0, 18.0, 17.0, 17.0, 16.0, 17.0, 16.0, 15.0, 15.0, 14.0, 13.0, 14.0, 13.0, 12.0, 12.0, 11.0, 11.0, 10.0, 9.0, 10.0, 9.0, 8.0, 8.0, 7.0, 6.0, 6.0, 5.0, 5.0, 4.0, 4.0, 3.0, 3.0, 2.0, 2.0, 1.0],
        "model": {
            "constants": {
                "amplitude": 63.5,
                "period": 0.017749121064982415,
                "vtrans": 82.5
            },
            "equation": "6.35*10^{+01} cos(1.7749121064982415*10^{-02}x) + 8.25*10^{+01}",
            "model": "<function gen_trig_model.<locals>.model at 0x117a5c7a0>"
        },
        "prediction_time": 1.3012659549713135e-05
    },
    "Fix polyfit (δ15)": {
        "differencesquares": 10.0,
        "generation_time": 0.00043828964233398436,
        "incorrectvalues": [1.0, 1.0, 1.0, 1.0, -1.0, -1.0, -1.0, -1.0, 1.0, 1.0],
        "model": {
            "coefficients": [146.1292785525484, -0.14849047395957898, 0.03720406900697206, -0.003123671504787398, 0.00010772397362732782, -2.3694373023823288e-06, 3.5848006451096184e-08, -3.8437899784397303e-10, 2.9713587123357106e-12, -1.6682246501424115e-14, 6.791258921427801e-17, -1.9808295644978592e-19, 4.030194112883656e-22, -5.428466367722062e-25, 4.348833575348177e-28, -1.568525894165571e-31],
            "degree": 15,
            "equation": "1.461292785525484*10^{+02}x^{0} + -1.4849047395957898*10^{-01}x^{1} + 3.720406900697206*10^{-02}x^{2} + -3.123671504787398*10^{-03}x^{3} + 1.0772397362732782*10^{-04}x^{4} + -2.3694373023823288*10^{-06}x^{5} + 3.5848006451096184*10^{-08}x^{6} + -3.8437899784397303*10^{-10}x^{7} + 2.9713587123357106*10^{-12}x^{8} + -1.6682246501424115*10^{-14}x^{9} + 6.791258921427801*10^{-17}x^{10} + -1.9808295644978592*10^{-19}x^{11} + 4.030194112883656*10^{-22}x^{12} + -5.428466367722062*10^{-25}x^{13} + 4.348833575348177*10^{-28}x^{14} + -1.568525894165571*10^{-31}x^{15}",
            "model": "<function gen_poly_model.<locals>.model at 0x117a5c200>"
        },
        "prediction_time": 5.7032394409179685e-05
    },
    "Opt polyfit (δ27)": {
        "differencesquares": 7.0,
        "generation_time": 0.04329242944717407,
        "incorrectvalues": [1.0, 1.0, 1.0, -1.0, -1.0, -1.0, -1.0],
        "model": {
            "coefficients": [146.3349732344476, -0.2817005429719214, 0.0612590926127492, -0.005090311241477745, 0.000197191942721762, -4.89574760880801e-06, 8.293240064149578e-08, -9.816772222843501e-10, 8.14510022870034e-12, -4.617440873094461e-14, 1.6350940806097026e-16, -2.458310811655264e-19, -5.129360075331467e-22, 2.421888551134465e-24, 1.4437722503002221e-27, -1.7464495325041083e-29, -1.0892890962269075e-32, 1.2265073216477702e-34, 1.4769658206714099e-37, -8.141261518209325e-40, -1.727461643460087e-42, 5.093596871621373e-45, 1.6522493988332163e-47, -3.7885207175428773e-50, -1.2797921390460337e-52, 5.31344243830449e-55, -6.909964362194893e-58, 3.227812447982157e-61],
            "degree": 27,
            "equation": "1.463349732344476*10^{+02}x^{0} + -2.817005429719214*10^{-01}x^{1} + 6.12590926127492*10^{-02}x^{2} + -5.090311241477745*10^{-03}x^{3} + 1.97191942721762*10^{-04}x^{4} + -4.89574760880801*10^{-06}x^{5} + 8.293240064149578*10^{-08}x^{6} + -9.816772222843501*10^{-10}x^{7} + 8.14510022870034*10^{-12}x^{8} + -4.617440873094461*10^{-14}x^{9} + 1.6350940806097026*10^{-16}x^{10} + -2.458310811655264*10^{-19}x^{11} + -5.129360075331467*10^{-22}x^{12} + 2.421888551134465*10^{-24}x^{13} + 1.4437722503002221*10^{-27}x^{14} + -1.7464495325041083*10^{-29}x^{15} + -1.0892890962269075*10^{-32}x^{16} + 1.2265073216477702*10^{-34}x^{17} + 1.4769658206714099*10^{-37}x^{18} + -8.141261518209325*10^{-40}x^{19} + -1.727461643460087*10^{-42}x^{20} + 5.093596871621373*10^{-45}x^{21} + 1.6522493988332163*10^{-47}x^{22} + -3.7885207175428773*10^{-50}x^{23} + -1.2797921390460337*10^{-52}x^{24} + 5.31344243830449*10^{-55}x^{25} + -6.909964362194893*10^{-58}x^{26} + 3.227812447982157*10^{-61}x^{27}",
            "model": "<function gen_poly_model.<locals>.model at 0x117a110e0>"
        },
        "prediction_time": 9.314535856246949e-05
    }
}